{"cameraMode":{"drawMode":0,"name":"Shaded","section":"Shading Mode"},"sceneLighting":true,"audioPlay":false,"sceneViewState":{"showFog":true,"showMaterialUpdate":false,"showSkybox":true,"showFlares":true,"showImageEffects":true,"showParticleSystems":true},"in2DMode":false,"pivot":{"x":30.559391021728517,"y":13.307464599609375,"z":-38.63819885253906},"rotation":{"x":-0.09610334783792496,"y":-0.7472538352012634,"z":0.1109551340341568,"w":-0.648222029209137},"size":71.29239654541016,"orthographic":false}