{"cameraMode":{"drawMode":0,"name":"Shaded","section":"Shading Mode"},"sceneLighting":true,"audioPlay":false,"sceneViewState":{"showFog":true,"showMaterialUpdate":false,"showSkybox":true,"showFlares":true,"showImageEffects":true,"showParticleSystems":true},"in2DMode":false,"pivot":{"x":0.51678466796875,"y":2.126708984375,"z":1.3505859375},"rotation":{"x":-0.03615483641624451,"y":-0.9637852907180786,"z":0.1952037811279297,"w":-0.17915380001068116},"size":5.7704854011535648,"orthographic":true}