{"cameraMode":{"drawMode":0,"name":"Shaded","section":"Shading Mode"},"sceneLighting":true,"audioPlay":false,"sceneViewState":{"showFog":true,"showMaterialUpdate":false,"showSkybox":true,"showFlares":true,"showImageEffects":true,"showParticleSystems":true},"in2DMode":false,"pivot":{"x":-0.6290283203125,"y":1.15478515625,"z":5.9140625},"rotation":{"x":-0.02231023646891117,"y":-0.9749246835708618,"z":0.11492092907428742,"w":-0.19030413031578065},"size":6.669070243835449,"orthographic":true}